Team;Player;Position;Points;Price;GP;Home;Away;Average
Manchester City;Haaland;Forward;107;19690000;8;4;4;13.38
AFC Bournemouth;Semenyo;Forward;75;11670000;8;4;4;9.38
Chelsea;Moisés Caicedo;Midfielder;72;12850000;8;4;4;9.00
Everton;Grealish;Forward;61;13920000;7;4;3;8.71
Brighton & Hove Albion;Van Hecke;Defender;58;4280000;8;4;4;7.25
Arsenal;Zubimendi;Midfielder;57;9320000;8;4;4;7.13
Crystal Palace;Marc Guehi;Defender;57;6880000;8;4;4;7.13
Arsenal;Timber;Defender;57;6620000;8;4;4;7.13
Chelsea;Chalobah;Defender;56;8490000;7;3;4;8.00
Arsenal;Rice;Midfielder;55;11380000;8;4;4;6.88
Crystal Palace;Daniel Muñoz;Defender;55;6150000;8;4;4;6.88
Chelsea;Reece James;Defender;54;4490000;8;4;4;6.75
Arsenal;Magalhães;Defender;53;7440000;8;4;4;6.63
Sunderland;Xhaka;Midfielder;51;6880000;8;4;4;6.38
Manchester United;Bruno Fernandes;Midfielder;50;14340000;7;4;3;7.14
Sunderland;Omar Alderete;Defender;50;4290000;8;4;4;6.25
Liverpool;Cody Gakpo;Forward;49;9450000;7;3;4;7.00
Chelsea;Pedro Neto;Forward;48;6160000;8;4;4;6.00
Brentford FC;Igor Thiago;Forward;48;4960000;7;4;3;6.86
Burnley;Jaidon Anthony;Forward;48;4590000;8;4;4;6.00
Burnley;Josh Cullen;Midfielder;48;3520000;8;4;4;6.00
Liverpool;Gravenberch;Midfielder;47;8950000;6;2;4;7.83
Tottenham;Palhinha;Midfielder;47;7470000;7;3;4;6.71
Tottenham;Kudus;Forward;47;7050000;7;3;4;6.71
Everton;Tarkowski;Defender;47;6740000;8;4;4;5.88
Everton;Iliman Ndiaye;Forward;47;6270000;8;4;4;5.88
Tottenham;Vicario;Goalkeeper;47;5820000;7;3;4;6.71
Everton;Garner;Midfielder;47;5390000;8;4;4;5.88
Arsenal;Bukayo Saka;Forward;46;13670000;6;3;3;7.67
AFC Bournemouth;Senesi;Defender;46;6700000;8;4;4;5.75
Everton;Pickford;Goalkeeper;46;4980000;8;4;4;5.75
Sunderland;Robin Roefs;Goalkeeper;46;3820000;8;4;4;5.75
Sunderland;Nordi Mukiele;Defender;46;3310000;6;3;3;7.67
Crystal Palace;Chris Richards;Defender;45;4770000;8;4;4;5.63
Chelsea;João Pedro;Forward;44;11120000;8;4;4;5.50
Liverpool;Van Dijk;Defender;44;10620000;7;3;4;6.29
Newcastle;Guimarães;Midfielder;44;7480000;7;4;3;6.29
Manchester City;Jérémy Doku;Forward;44;6610000;8;4;4;5.50
Crystal Palace;Mateta;Forward;44;4230000;8;4;4;5.50
Liverpool;Hugo Ekitiké;Forward;43;9520000;6;3;3;7.17
Crystal Palace;Henderson;Goalkeeper;43;4580000;8;4;4;5.38
Brighton & Hove Albion;Yankuba Minteh;Forward;43;3970000;8;4;4;5.38
Chelsea;Enzo Fernández;Midfielder;42;10090000;7;4;3;6.00
Manchester City;Reijnders;Midfielder;42;7980000;8;4;4;5.25
West Ham United;Lucas Paquetá;Midfielder;42;7350000;7;3;4;6.00
Nottingham Forest;Elliot Anderson;Midfielder;42;6210000;8;4;4;5.25
Crystal Palace;Ismaïla Sarr;Forward;42;6110000;6;3;3;7.00
Everton;Dewsbury-Hall;Midfielder;42;5980000;7;3;4;6.00
Newcastle;Pope;Goalkeeper;42;5270000;8;4;4;5.25
Fulham;Joachim Andersen;Defender;42;4020000;8;4;4;5.25
Sunderland;Daniel Ballard;Defender;42;2650000;6;3;3;7.00
West Ham United;Bowen;Forward;41;8580000;7;3;4;5.86
Newcastle;Tonali;Midfielder;41;7930000;8;4;4;5.13
Tottenham;Richarlison;Forward;41;5440000;7;3;4;5.86
Arsenal;Calafiori;Defender;41;5170000;8;4;4;5.13
Fulham;Iwobi;Forward;41;4600000;8;4;4;5.13
Everton;Gueye;Midfielder;41;4550000;8;4;4;5.13
Chelsea;Cucurella;Defender;40;6440000;8;4;4;5.00
Fulham;Leno;Goalkeeper;40;4240000;8;4;4;5.00
Sunderland;Wilson Isidor;Forward;40;3910000;8;4;4;5.00
Leeds United;Joe Rodon;Defender;40;2100000;8;4;4;5.00
Newcastle;Nick Woltemade;Forward;39;9450000;5;3;2;7.80
Tottenham;Cristian Romero;Defender;39;5990000;7;3;4;5.57
AFC Bournemouth;Alex Scott;Midfielder;39;3320000;8;4;4;4.88
Burnley;Ugochukwu;Midfielder;39;1440000;7;3;4;5.57
Leeds United;Longstaff;Midfielder;38;2940000;8;4;4;4.75
Everton;Michael Keane;Defender;38;2150000;8;4;4;4.75
Brighton & Hove Albion;Welbeck;Forward;38;1890000;8;4;4;4.75
Arsenal;Saliba;Defender;37;6920000;7;3;4;5.29
Crystal Palace;Wharton;Midfielder;37;4430000;7;3;4;5.29
Tottenham;Van de Ven;Defender;37;4200000;7;3;4;5.29
AFC Bournemouth;Petrovic;Goalkeeper;37;3750000;8;4;4;4.63
Crystal Palace;Mitchell;Defender;37;2980000;8;4;4;4.63
Liverpool;Szoboszlai;Midfielder;36;7170000;7;3;4;5.14
Crystal Palace;Maxence Lacroix;Defender;36;4650000;8;4;4;4.50
Crystal Palace;Daichi Kamada;Midfielder;36;3830000;6;3;3;6.00
Arsenal;David Raya;Goalkeeper;35;5210000;8;4;4;4.38
Burnley;Dubravka;Goalkeeper;35;3110000;8;4;4;4.38
Fulham;Harry Wilson;Midfielder;35;2880000;8;4;4;4.38
Manchester City;Rúben Dias;Defender;34;4980000;8;4;4;4.25
Tottenham;Brennan Johnson;Forward;34;4200000;7;3;4;4.86
Manchester United;De Ligt;Defender;34;4060000;7;4;3;4.86
Manchester City;Matheus Nunes;Midfielder;34;3180000;6;2;4;5.67
Aston Villa;Matty Cash;Defender;34;2920000;7;4;3;4.86
Manchester City;Foden;Midfielder;33;7910000;6;4;2;5.50
Aston Villa;John McGinn;Midfielder;33;3070000;7;4;3;4.71
Nottingham Forest;Hudson-Odoi;Forward;33;2830000;8;4;4;4.13
Brighton & Hove Albion;Yasin Ayari;Midfielder;33;2770000;8;4;4;4.13
Leeds United;Anton Stach;Midfielder;33;2580000;8;4;4;4.13
Leeds United;Aaronson;Forward;33;1750000;8;4;4;4.13
Arsenal;Eberechi Eze;Forward;32;8780000;7;3;4;4.57
Manchester City;Nico González;Midfielder;32;3180000;7;4;3;4.57
Brighton & Hove Albion;Verbruggen;Goalkeeper;32;2950000;8;4;4;4.00
Nottingham Forest;Neco Williams;Defender;32;2890000;8;4;4;4.00
Fulham;Kenny Tete;Defender;32;2590000;5;3;2;6.40
Manchester City;Oscar Bobb;Midfielder;32;2450000;7;4;3;4.57
Arsenal;Merino;Midfielder;31;5110000;7;3;4;4.43
Liverpool;Konaté;Defender;31;4720000;7;3;4;4.43
Chelsea;Estêvão;Forward;31;4660000;7;4;3;4.43
Aston Villa;Kamara;Midfielder;31;3680000;5;3;2;6.20
AFC Bournemouth;Tyler Adams;Midfielder;31;2600000;8;4;4;3.88
Sunderland;Trai Hume;Defender;31;1820000;8;4;4;3.88
AFC Bournemouth;Kroupi;Forward;31;750000;5;1;4;6.20
Arsenal;Ødegaard;Midfielder;30;6520000;6;3;3;5.00
Leeds United;Noah Okafor;Forward;30;3520000;5;2;3;6.00
Tottenham;Pape Sarr;Midfielder;30;3470000;6;3;3;5.00
Brentford FC;Kelleher;Goalkeeper;30;3050000;7;4;3;4.29
Manchester United;Mason Mount;Midfielder;30;2910000;6;4;2;5.00
Fulham;Emile Smith;Midfielder;30;2300000;8;4;4;3.75
Brighton & Hove Albion;De Cuyper;Defender;30;2190000;7;3;4;4.29
Aston Villa;Donyell Malen;Forward;30;1910000;7;4;3;4.29
Manchester United;Mbeumo;Forward;29;6910000;7;4;3;4.14
Manchester United;Amad Diallo;Forward;29;3420000;6;4;2;4.83
Aston Villa;Lucas Digne;Defender;29;2940000;7;4;3;4.14
AFC Bournemouth;Tavernier;Midfielder;29;2890000;8;4;4;3.63
Wolverhampton;André;Midfielder;29;1920000;8;4;4;3.63
Leeds United;Ampadu;Defender;29;1810000;6;3;3;4.83
Tottenham;Pedro Porro;Defender;28;5380000;7;3;4;4.00
AFC Bournemouth;Evanilson;Forward;28;4000000;7;4;3;4.00
Arsenal;Martinelli;Forward;28;3810000;7;3;4;4.00
Liverpool;Alisson;Goalkeeper;28;3110000;6;3;3;4.67
Tottenham;Lucas Bergvall;Midfielder;28;2680000;6;3;3;4.67
Wolverhampton;Agbadou;Defender;28;2460000;7;4;3;4.00
Wolverhampton;Krejci;Defender;28;2330000;5;2;3;5.60
Brighton & Hove Albion;Brajan Gruda;Forward;28;1310000;7;3;4;4.00
Wolverhampton;Santiago Bueno;Defender;28;1130000;5;2;3;5.60
Aston Villa;Emi Buendía;Forward;28;1030000;6;3;3;4.67
Liverpool;Salah;Forward;27;14690000;7;3;4;3.86
Manchester United;Benjamin Sesko;Forward;27;6060000;7;4;3;3.86
Newcastle;Schär;Defender;27;3870000;4;2;2;6.75
Newcastle;Botman;Defender;27;3740000;6;3;3;4.50
Brentford FC;Damsgaard;Midfielder;27;3550000;5;3;2;5.40
Aston Villa;Konsa;Defender;27;3280000;6;4;2;4.50
Nottingham Forest;Dan Ndoye;Forward;27;3140000;7;3;4;3.86
Fulham;Sessegnon;Midfielder;27;2440000;7;4;3;3.86
AFC Bournemouth;David Brooks;Midfielder;27;2320000;7;4;3;3.86
Aston Villa;Mings;Defender;27;2200000;6;3;3;4.50
Newcastle;Livramento;Defender;27;2040000;6;3;3;4.50
Sunderland;Enzo Le Fée;Midfielder;27;1980000;7;4;3;3.86
Brighton & Hove Albion;Georginio Rutter;Forward;27;1780000;7;4;3;3.86
Manchester City;Rodrigo;Midfielder;26;6760000;5;2;3;5.20
Manchester City;Bernardo Silva;Midfielder;26;5040000;8;4;4;3.25
Newcastle;Trippier;Defender;26;3050000;7;4;3;3.71
Crystal Palace;Will Hughes;Midfielder;26;2530000;6;3;3;4.33
Wolverhampton;Jhon Arias;Forward;26;2110000;8;4;4;3.25
Brighton & Hove Albion;Dunk;Defender;26;2020000;8;4;4;3.25
Sunderland;Noah Sadiki;Midfielder;26;1860000;8;4;4;3.25
Burnley;Loum Tchaouna;Forward;26;530000;8;4;4;3.25
Arsenal;Gyökeres;Forward;25;9810000;8;4;4;3.13
Manchester United;Casemiro;Midfielder;25;2830000;6;4;2;4.17
AFC Bournemouth;Adrien Truffert;Defender;25;2700000;8;4;4;3.13
Wolverhampton;João Gomes;Midfielder;25;2400000;8;4;4;3.13
Burnley;Florentino;Midfielder;25;2390000;5;3;2;5.00
Liverpool;Curtis Jones;Midfielder;25;2220000;6;3;3;4.17
Manchester City;Nico O'Reilly;Midfielder;25;2040000;7;3;4;3.57
Liverpool;Chiesa;Forward;25;1630000;5;2;3;5.00
Burnley;Lyle Foster;Forward;25;1450000;7;3;4;3.57
AFC Bournemouth;Ryan Christie;Midfielder;25;1440000;6;3;3;4.17
Wolverhampton;Munetsi;Midfielder;25;1290000;8;4;4;3.13
Burnley;Hartman;Defender;25;1240000;8;4;4;3.13
Brentford FC;Jensen;Midfielder;25;1140000;5;4;1;5.00
Nottingham Forest;Wood;Forward;24;3900000;8;4;4;3.00
Chelsea;Adarabioyo;Defender;24;2950000;5;1;4;4.80
Nottingham Forest;Sels;Goalkeeper;24;2800000;8;4;4;3.00
Newcastle;Jacob Murphy;Forward;24;2310000;7;3;4;3.43
Arsenal;Trossard;Forward;24;2240000;6;4;2;4.00
Brentford FC;Yarmolyuk;Midfielder;24;1750000;7;4;3;3.43
Wolverhampton;Hugo Bueno;Defender;24;1630000;8;4;4;3.00
Wolverhampton;Rodrigo Gomes;Defender;24;890000;5;3;2;4.80
Manchester City;Gvardiol;Defender;23;6710000;4;2;2;5.75
Crystal Palace;Yéremy Pino;Forward;23;3500000;6;3;3;3.83
Aston Villa;Emiliano Martínez;Goalkeeper;23;2970000;5;2;3;4.60
AFC Bournemouth;Justin Kluivert;Forward;23;2860000;7;4;3;3.29
Brentford FC;Jordan Henderson;Midfielder;23;2820000;7;4;3;3.29
Newcastle;Dan Burn;Defender;23;2760000;8;4;4;2.88
Manchester United;Patrick Dorgu;Defender;23;2010000;6;3;3;3.83
Wolverhampton;Johnstone;Goalkeeper;23;1220000;4;1;3;5.75
Wolverhampton;Hwang;Forward;23;1090000;6;3;3;3.83
Brighton & Hove Albion;Milner;Midfielder;23;1060000;6;4;2;3.83
Everton;Iroegbunam;Midfielder;23;940000;6;3;3;3.83
AFC Bournemouth;Bafodé Diakité;Defender;22;3120000;7;3;4;3.14
Newcastle;Joelinton;Midfielder;22;3050000;6;4;2;3.67
Newcastle;Harvey Barnes;Forward;22;2600000;8;4;4;2.75
Tottenham;Bentancur;Midfielder;22;2460000;6;3;3;3.67
West Ham United;Ward-Prowse;Midfielder;22;2380000;5;3;2;4.40
West Ham United;Kilman;Defender;22;2260000;7;3;4;3.14
Fulham;Bassey;Defender;22;1880000;8;4;4;2.75
Crystal Palace;Jefferson Lerma;Midfielder;22;1810000;7;3;4;3.14
West Ham United;Crysencio Summerville;Forward;22;1750000;5;2;3;4.40
Brentford FC;Michael Kayode;Defender;22;1730000;7;4;3;3.14
Leeds United;Struijk;Defender;22;1320000;8;4;4;2.75
Leeds United;Jack Harrison;Forward;22;630000;7;4;3;3.14
Manchester United;Matheus Cunha;Forward;21;6340000;6;4;2;3.50
Manchester City;Rayan Cherki;Forward;21;5080000;3;2;1;7.00
Newcastle;Elanga;Forward;21;3100000;8;4;4;2.63
Brighton & Hove Albion;Mitoma;Forward;21;2730000;6;3;3;3.50
Brentford FC;Schade;Forward;21;2080000;7;4;3;3.00
Brighton & Hove Albion;Baleba;Midfielder;21;1980000;8;4;4;2.63
Fulham;Sander Berge;Midfielder;21;1620000;8;4;4;2.63
Tottenham;Mathys Tel;Forward;21;1580000;5;3;2;4.20
Manchester United;Manuel Ugarte;Midfielder;21;1440000;6;3;3;3.50
Wolverhampton;Bellegarde;Midfielder;21;1380000;7;4;3;3.00
Brighton & Hove Albion;Kadıoğlu;Defender;21;1040000;7;3;4;3.00
Liverpool;Mac Allister;Midfielder;20;6470000;6;3;3;3.33
Liverpool;Kerkez;Defender;20;3410000;7;3;4;2.86
Manchester City;Sávio;Forward;20;2760000;5;3;2;4.00
Arsenal;Madueke;Forward;20;2240000;5;3;2;4.00
Sunderland;Geertruida;Defender;20;1310000;5;2;3;4.00
Sunderland;Mayenda;Forward;20;1200000;6;4;2;3.33
Sunderland;Chemsdine Talbi;Forward;20;1030000;8;4;4;2.50
West Ham United;Callum Wilson;Forward;20;1010000;5;3;2;4.00
AFC Bournemouth;Amine Adli;Forward;20;820000;6;3;3;3.33
AFC Bournemouth;James Hill;Defender;20;680000;7;4;3;2.86
Manchester City;Donnarumma;Goalkeeper;19;4750000;5;3;2;3.80
Aston Villa;Watkins;Forward;19;4470000;7;4;3;2.71
Chelsea;Robert Sánchez;Goalkeeper;19;3080000;8;4;4;2.38
Newcastle;Malick Thiaw;Defender;19;2140000;5;3;2;3.80
Burnley;Walker;Defender;19;2050000;8;4;4;2.38
Manchester United;Diogo Dalot;Defender;19;1870000;5;3;2;3.80
Tottenham;Udogie;Defender;19;1830000;5;2;3;3.80
Manchester City;Trafford;Goalkeeper;19;1430000;3;1;2;6.33
West Ham United;Walker-Peters;Defender;19;1320000;6;3;3;3.17
Brighton & Hove Albion;Mats Wieffer;Midfielder;19;1310000;6;3;3;3.17
West Ham United;Mavropanos;Defender;19;1230000;5;2;3;3.80
Manchester City;Khusanov;Defender;19;1050000;4;1;3;4.75
Nottingham Forest;Sangaré;Midfielder;19;950000;6;3;3;3.17
Newcastle;Osula;Forward;19;690000;8;4;4;2.38
Chelsea;Acheampong;Defender;19;610000;4;3;1;4.75
Nottingham Forest;Gibbs-White;Midfielder;18;4540000;8;4;4;2.25
Nottingham Forest;Milenkovic;Defender;18;2270000;8;4;4;2.25
Aston Villa;Pau Torres;Defender;18;2160000;4;3;1;4.50
Manchester United;Leny Yoro;Defender;18;2080000;7;4;3;2.57
Brentford FC;Collins;Defender;18;2000000;7;4;3;2.57
Chelsea;Malo Gusto;Defender;18;1940000;7;4;3;2.57
West Ham United;El Diouf;Midfielder;18;1880000;7;3;4;2.57
Everton;Jake O'Brien;Defender;18;1550000;8;4;4;2.25
Manchester United;Mazraoui;Defender;18;1550000;3;2;1;6.00
Fulham;Lukic;Midfielder;18;1320000;7;3;4;2.57
Burnley;Maxime Estève;Defender;18;1070000;8;4;4;2.25
Brighton & Hove Albion;Diego Gómez;Midfielder;18;1020000;7;4;3;2.57
Leeds United;Daniel James;Forward;18;980000;5;2;3;3.60
Nottingham Forest;Morato;Defender;18;950000;5;2;3;3.60
Crystal Palace;Justin Devenny;Midfielder;18;950000;7;3;4;2.57
Aston Villa;Lamare Bogarde;Midfielder;18;900000;6;3;3;3.00
Newcastle;Lewis Miley;Midfielder;18;520000;6;2;4;3.00
Chelsea;Cole Palmer;Midfielder;17;11930000;3;1;2;5.67
Manchester City;Omar Marmoush;Forward;17;4430000;3;1;2;5.67
Aston Villa;Tielemans;Midfielder;17;4270000;4;2;2;4.25
West Ham United;Mateus Fernandes;Midfielder;17;2450000;5;2;3;3.40
Brentford FC;Ouattara;Forward;17;1680000;6;4;2;2.83
Arsenal;Mosquera;Defender;17;1660000;5;3;2;3.40
Leeds United;Calvert-Lewin;Forward;17;1570000;6;3;3;2.83
Manchester City;Rico Lewis;Defender;17;1520000;5;3;2;3.40
Manchester United;Bayindir;Goalkeeper;17;1500000;6;3;3;2.83
Chelsea;Andrey Santos;Midfielder;17;1310000;6;3;3;2.83
Burnley;Ekdal;Defender;17;980000;6;3;3;2.83
Brentford FC;Fabio Carvalho;Midfielder;17;940000;5;2;3;3.40
Wolverhampton;Tchatchoua;Defender;17;850000;7;3;4;2.43
Crystal Palace;Nketiah;Forward;17;770000;4;2;2;4.25
Tottenham;Xavi Simons;Midfielder;16;7740000;4;1;3;4.00
Fulham;Raúl Jiménez;Forward;16;1900000;7;4;3;2.29
Arsenal;Lewis-Skelly;Defender;16;1780000;5;3;2;3.20
Leeds United;Darlow;Goalkeeper;16;1670000;5;2;3;3.20
Manchester United;Shaw;Defender;16;1500000;7;4;3;2.29
Fulham;Rodrigo Muniz;Forward;16;1270000;5;3;2;3.20
Leeds United;Bogle;Defender;16;1250000;8;4;4;2.00
Chelsea;Jamie Gittens;Forward;16;1200000;6;3;3;2.67
Fulham;Joshua King;Midfielder;16;1060000;8;4;4;2.00
Brighton & Hove Albion;Veltman;Defender;16;980000;4;2;2;4.00
Fulham;Kevin;Forward;16;920000;5;3;2;3.20
Brentford FC;Kristoffer Ajer;Defender;16;750000;4;3;1;4.00
Liverpool;Rio Ngumoha;Forward;16;590000;3;0;3;5.33
Manchester City;Ake;Defender;16;570000;5;4;1;3.20
Brentford FC;Onyeka;Midfielder;16;570000;5;3;2;3.20
Tottenham;Odobert;Forward;16;570000;7;3;4;2.29
Aston Villa;Rogers;Forward;15;2850000;7;4;3;2.14
Nottingham Forest;Murillo;Defender;15;1940000;5;3;2;3.00
Brentford FC;Sepp van den Berg;Defender;15;1640000;7;4;3;2.14
Sunderland;Mandava;Defender;15;1540000;5;3;2;3.00
Everton;Thierno Barry;Forward;15;1460000;8;4;4;1.88
Everton;Beto;Forward;15;1290000;8;4;4;1.88
Arsenal;Nwaneri;Midfielder;15;1230000;4;4;0;3.75
Leeds United;Gudmundsson;Defender;15;1120000;8;4;4;1.88
Leeds United;Lukas Nmecha;Forward;15;870000;8;4;4;1.88
Fulham;Adama Traoré;Forward;15;650000;6;2;4;2.50
Fulham;Cairney;Midfielder;15;420000;5;3;2;3.00
Liverpool;Florian Wirtz;Midfielder;14;8330000;7;3;4;2.00
Brentford FC;Lewis-Potter;Defender;14;1520000;6;3;3;2.33
Nottingham Forest;Igor Jesus;Forward;14;1290000;7;4;3;2.00
Everton;Carlos Alcaraz;Midfielder;14;1250000;6;2;4;2.33
Sunderland;Adingra;Forward;14;1210000;6;2;4;2.33
Aston Villa;Evann Guessand;Forward;14;1010000;6;3;3;2.33
Manchester United;Maguire;Defender;14;980000;6;3;3;2.33
Nottingham Forest;Hutchinson;Midfielder;14;780000;4;2;2;3.50
Fulham;Castagne;Defender;14;740000;6;2;4;2.33
Wolverhampton;Fer López;Forward;14;450000;5;3;2;2.80
Burnley;Jacob Larsen;Forward;14;330000;6;2;4;2.33
Tottenham;Djed Spence;Defender;13;1710000;6;3;3;2.17
Manchester United;Mainoo;Midfielder;13;1400000;5;3;2;2.60
Nottingham Forest;Yates;Midfielder;13;1160000;4;1;3;3.25
Burnley;Hannibal Mejbri;Midfielder;13;960000;7;4;3;1.86
Leeds United;Ao Tanaka;Midfielder;13;930000;6;3;3;2.17
Brentford FC;Hickey;Defender;13;650000;5;4;1;2.60
Aston Villa;Amadou Onana;Midfielder;12;1990000;3;2;1;4.00
Manchester City;Stones;Defender;12;1420000;4;1;3;3.00
Everton;Mykolenko;Defender;12;1410000;5;2;3;2.40
Nottingham Forest;Zinchenko;Defender;12;1410000;3;2;1;4.00
Newcastle;Lewis Hall;Defender;12;1180000;3;1;2;4.00
Manchester City;Aït Nouri;Midfielder;11;2770000;3;1;2;3.67
Nottingham Forest;Aina;Defender;11;1110000;3;2;1;3.67
Nottingham Forest;McAtee;Midfielder;11;830000;4;2;2;2.75
Leeds United;Gnonto;Forward;11;800000;4;2;2;2.75
Wolverhampton;Doherty;Defender;11;650000;4;1;3;2.75
AFC Bournemouth;Álex Jiménez;Defender;11;640000;5;3;2;2.20
Chelsea;Roméo Lavia;Midfielder;11;620000;3;2;1;3.67
West Ham United;Magassa;Midfielder;11;510000;4;2;2;2.75
Burnley;Zian Flemming;Forward;11;370000;5;3;2;2.20
Chelsea;Garnacho;Forward;10;2000000;3;1;2;3.33
Fulham;Antonee Robinson;Defender;10;1300000;3;1;2;3.33
Sunderland;Habib Diarra;Midfielder;10;970000;4;2;2;2.50
Wolverhampton;Wolfe;Defender;10;820000;4;3;1;2.50
Liverpool;Wataru Endo;Midfielder;10;420000;4;2;2;2.50
Newcastle;Anthony Gordon;Forward;9;4430000;5;3;2;1.80
Manchester United;Senne Lammens;Goalkeeper;9;2480000;1;1;0;9.00
Aston Villa;Harvey Elliott;Midfielder;9;1710000;4;1;3;2.25
Everton;Tyler Dibling;Forward;9;680000;4;2;2;2.25
Aston Villa;Lindelöf;Defender;9;600000;3;2;1;3.00
Leeds United;James Justin;Defender;9;570000;3;2;1;3.00
AFC Bournemouth;Adam Smith;Defender;9;460000;3;1;2;3.00
Fulham;Jorge Cuenca;Defender;9;320000;3;2;1;3.00
Brighton & Hove Albion;Stefanos Tzimas;Forward;9;270000;4;1;3;2.25
AFC Bournemouth;Ben Doak;Forward;9;230000;3;1;2;3.00
Liverpool;Frimpong;Defender;8;3460000;3;1;2;2.67
Wolverhampton;Larsen;Forward;8;1820000;6;3;3;1.33
Newcastle;Jacob Ramsey;Midfielder;8;1250000;3;1;2;2.67
Liverpool;Robertson;Defender;8;1230000;3;1;2;2.67
Fulham;Chukwueze;Forward;8;1100000;2;0;2;4.00
Chelsea;Badiashile;Defender;8;1060000;2;2;0;4.00
Nottingham Forest;Dilane Bakwa;Forward;8;1060000;4;1;3;2.00
Chelsea;Jorrel Hato;Defender;8;760000;4;2;2;2.00
Sunderland;Masuaku;Defender;8;560000;3;1;2;2.67
Leeds United;Ilia Gruev;Midfielder;8;480000;4;2;2;2.00
Sunderland;Bertrand Traoré;Forward;8;470000;3;1;2;2.67
Sunderland;Chris Rigg;Midfielder;8;400000;5;3;2;1.60
Burnley;Joe Worrall;Defender;8;260000;4;2;2;2.00
West Ham United;Freddie Potts;Midfielder;8;220000;3;1;2;2.67
West Ham United;Wan-Bissaka;Defender;7;1570000;3;1;2;2.33
Liverpool;Bradley;Defender;7;900000;5;1;4;1.40
Wolverhampton;Arokodare;Forward;7;830000;5;2;3;1.40
Sunderland;Brian Brobbey;Forward;7;700000;3;0;3;2.33
Tottenham;Kevin Danso;Defender;7;620000;3;0;3;2.33
Brentford FC;Janelt;Midfielder;7;610000;3;2;1;2.33
Chelsea;Wesley Fofana;Defender;7;550000;3;0;3;2.33
Liverpool;Joe Gomez;Defender;7;440000;2;2;0;3.50
Wolverhampton;Ki-Jana Hoever;Defender;7;430000;3;1;2;2.33
Brentford FC;Rico Henry;Defender;7;430000;6;3;3;1.17
Newcastle;Willock;Midfielder;7;410000;2;1;1;3.50
Brighton & Hove Albion;Diego Coppola;Defender;7;400000;3;3;0;2.33
Burnley;Armando Broja;Forward;7;370000;3;1;2;2.33
Burnley;Tuanzebe;Defender;7;320000;2;1;1;3.50
AFC Bournemouth;Milosavljevic;Defender;7;320000;2;2;0;3.50
Everton;Merlin Röhl;Midfielder;7;260000;2;1;1;3.50
Chelsea;Tyrique George;Forward;7;190000;3;1;2;2.33
Nottingham Forest;Douglas Luiz;Midfielder;6;1990000;2;1;1;3.00
Arsenal;Ben White;Defender;6;1240000;1;0;1;6.00
Chelsea;Liam Delap;Forward;6;1240000;3;2;1;2.00
Nottingham Forest;Kalimuendo;Forward;6;1010000;5;2;3;1.20
Brighton & Hove Albion;Hinshelwood;Midfielder;6;820000;3;1;2;2.00
Aston Villa;Ian Maatsen;Defender;6;690000;4;2;2;1.50
Burnley;Josh Laurent;Midfielder;6;500000;8;4;4;0.75
Arsenal;Max Dowman;Midfielder;6;390000;2;1;1;3.00
Liverpool;Isak;Forward;5;11030000;3;1;2;1.67
West Ham United;Soucek;Midfielder;5;1810000;4;2;2;1.25
Liverpool;Mamardashvili;Goalkeeper;5;1750000;1;0;1;5.00
Leeds United;Joël Piroe;Forward;5;980000;4;2;2;1.25
AFC Bournemouth;Lewis Cook;Midfielder;5;900000;2;1;1;2.50
West Ham United;Andy Irving;Midfielder;5;220000;4;1;3;1.25
West Ham United;Luis Guilherme;Forward;5;150000;3;2;1;1.67
Crystal Palace;Uche;Midfielder;4;1760000;2;1;1;2.00
Tottenham;Solanke;Forward;4;1360000;2;1;1;2.00
Everton;McNeil;Midfielder;4;1350000;2;1;1;2.00
West Ham United;Hermansen;Goalkeeper;4;750000;4;2;2;1.00
Chelsea;Jørgensen;Goalkeeper;4;410000;1;0;1;4.00
Manchester United;Joshua Zirkzee;Forward;4;320000;3;1;2;1.33
Crystal Palace;Romain Esse;Midfielder;4;270000;1;1;0;4.00
Burnley;Oliver Sonne;Defender;4;190000;3;1;2;1.33
Crystal Palace;Clyne;Defender;4;170000;1;0;1;4.00
Manchester City;Kovacic;Midfielder;3;1530000;1;1;0;3.00
Arsenal;Kai Havertz;Forward;3;1470000;1;0;1;3.00
West Ham United;Areola;Goalkeeper;3;1290000;3;1;2;1.00
Nottingham Forest;Domínguez;Midfielder;3;740000;1;1;0;3.00
Brentford FC;Antoni Milambo;Midfielder;3;570000;1;0;1;3.00
Tottenham;Archie Gray;Defender;3;530000;2;1;1;1.50
Wolverhampton;Yerson Mosquera;Defender;3;400000;3;2;1;1.00
Nottingham Forest;Jair Cunha;Defender;3;320000;1;0;1;3.00
Nottingham Forest;Nicolò Savona;Defender;3;280000;3;1;2;1.00
Newcastle;Lascelles;Defender;3;200000;2;1;1;1.50
Manchester United;Ayden Heaven;Defender;3;170000;1;0;1;3.00
Burnley;Ashley Barnes;Forward;3;150000;1;1;0;3.00
Aston Villa;Jadon Sancho;Forward;2;1470000;1;0;1;2.00
Chelsea;Buonanotte;Midfielder;2;770000;1;0;1;2.00
Aston Villa;Marco Bizot;Goalkeeper;2;770000;2;2;0;1.00
West Ham United;Guido Rodríguez;Midfielder;2;610000;1;0;1;2.00
Chelsea;Marc Guiu;Forward;2;590000;4;2;2;0.50
Aston Villa;Barkley;Midfielder;2;530000;1;1;0;2.00
Burnley;Marcus Edwards;Forward;2;330000;1;0;1;2.00
Fulham;Issa Diop;Defender;2;300000;2;1;1;1.00
Brighton & Hove Albion;Kostoulas;Forward;2;210000;1;1;0;2.00
Nottingham Forest;Awoniyi;Forward;2;180000;1;1;0;2.00
West Ham United;Callum Marshall;Forward;2;160000;1;0;1;2.00
Aston Villa;Burrowes;Midfielder;2;150000;1;1;0;2.00
Wolverhampton;Toti Gomes;Defender;1;960000;6;3;3;0.17
West Ham United;Todibo;Defender;1;930000;2;1;1;0.50
Brentford FC;Pinnock;Defender;1;420000;2;1;1;0.50
Leeds United;Byram;Defender;1;170000;1;0;1;1.00
Tottenham;Kolo Muani;Forward;0;2950000;0;0;0;0.00
Newcastle;Yoane Wissa;Forward;0;2620000;0;0;0;0.00
Arsenal;Hincapié;Defender;0;2120000;0;0;0;0.00
Wolverhampton;José Sá;Goalkeeper;0;1270000;4;3;1;0.00
West Ham United;Füllkrug;Forward;0;1120000;6;2;4;0.00
Arsenal;Nørgaard;Midfielder;0;1090000;1;0;1;0.00
Everton;Branthwaite;Defender;0;1040000;0;0;0;0.00
Tottenham;Maddison;Midfielder;0;1030000;0;0;0;0.00
Leeds United;Lucas Perri;Goalkeeper;0;960000;3;2;1;0.00
Chelsea;Colwill;Defender;0;880000;0;0;0;0.00
Leeds United;Illan Meslier;Goalkeeper;0;850000;0;0;0;0.00
Newcastle;Ramsdale;Goalkeeper;0;810000;0;0;0;0.00
Brighton & Hove Albion;Boscagli;Defender;0;670000;0;0;0;0.00
Sunderland;Patterson;Goalkeeper;0;660000;0;0;0;0.00
Leeds United;Jaka Bijol;Defender;0;590000;0;0;0;0.00
Tottenham;Kulusevski;Forward;0;580000;0;0;0;0.00
Nottingham Forest;John Victor;Goalkeeper;0;570000;0;0;0;0.00
Tottenham;Bissouma;Midfielder;0;550000;0;0;0;0.00
Burnley;Max Weiss;Goalkeeper;0;530000;0;0;0;0.00
Arsenal;Kepa;Goalkeeper;0;520000;0;0;0;0.00
Manchester United;Lisandro Martínez;Defender;0;500000;0;0;0;0.00
West Ham United;Fabianski;Goalkeeper;0;460000;0;0;0;0.00
Arsenal;Gabriel Jesus;Forward;0;450000;0;0;0;0.00
Sunderland;Dan Neil;Midfielder;0;450000;2;2;0;0.00
Burnley;Amdouni;Forward;0;370000;0;0;0;0.00
Crystal Palace;Walter Benítez;Goalkeeper;0;370000;0;0;0;0.00
Brentford FC;Reiss Nelson;Forward;0;360000;0;0;0;0.00
Crystal Palace;Cheick Doucouré;Midfielder;0;320000;0;0;0;0.00
Sunderland;Dennis Cirkin;Defender;0;320000;0;0;0;0.00
Brighton & Hove Albion;March;Midfielder;0;300000;0;0;0;0.00
Everton;Travers;Goalkeeper;0;290000;0;0;0;0.00
Chelsea;Sterling;Forward;0;280000;0;0;0;0.00
Chelsea;Axel Disasi;Defender;0;270000;0;0;0;0.00
Manchester City;Stefan Ortega;Goalkeeper;0;260000;0;0;0;0.00
West Ham United;Igor;Defender;0;260000;1;0;1;0.00
Burnley;Lucas Pires;Defender;0;260000;0;0;0;0.00
Tottenham;Ben Davies;Defender;0;250000;0;0;0;0.00
Tottenham;Antonín Kinský;Goalkeeper;0;250000;0;0;0;0.00
Burnley;Connor Roberts;Defender;0;240000;0;0;0;0.00
Crystal Palace;Borna Sosa;Defender;0;240000;0;0;0;0.00
Brighton & Hove Albion;Steele;Goalkeeper;0;230000;0;0;0;0.00
Manchester City;Kalvin Phillips;Midfielder;0;230000;0;0;0;0.00
Leeds United;Bornauw;Defender;0;230000;0;0;0;0.00
Liverpool;Woodman;Goalkeeper;0;210000;0;0;0;0.00
Chelsea;Mudryk;Forward;0;210000;0;0;0;0.00
Tottenham;Drăgușin;Defender;0;210000;0;0;0;0.00
Brentford FC;Valdimarsson;Goalkeeper;0;210000;0;0;0;0.00
Burnley;Vaclav Hladky;Goalkeeper;0;210000;0;0;0;0.00
Burnley;Bashir Humphreys;Defender;0;200000;1;0;1;0.00
Sunderland;Luke O'Nien;Defender;0;200000;0;0;0;0.00
Wolverhampton;Bentley;Goalkeeper;0;190000;0;0;0;0.00
Chelsea;Dário Essugo;Midfielder;0;190000;0;0;0;0.00
Everton;Adam Aznou;Defender;0;190000;0;0;0;0.00
West Ham United;Oliver Scarles;Defender;0;180000;0;0;0;0.00
Fulham;Reed;Midfielder;0;170000;0;0;0;0.00
Sunderland;Simon Moore;Goalkeeper;0;170000;0;0;0;0.00
Liverpool;Bajčetić;Midfielder;0;170000;0;0;0;0.00
Chelsea;Gabriel Slonina;Goalkeeper;0;170000;0;0;0;0.00
Sunderland;Pembélé;Defender;0;170000;0;0;0;0.00
Liverpool;Ármin Pécsi;Goalkeeper;0;170000;0;0;0;0.00
Newcastle;John Ruddy;Goalkeeper;0;160000;0;0;0;0.00
Brentford FC;Myles Peart-Harris;Midfielder;0;160000;0;0;0;0.00
Tottenham;Brandon Austin;Goalkeeper;0;160000;0;0;0;0.00
Newcastle;Alex Murphy;Defender;0;160000;0;0;0;0.00
AFC Bournemouth;Enes Ünal;Forward;0;160000;0;0;0;0.00
Sunderland;Aji Alese;Defender;0;160000;0;0;0;0.00
Fulham;Lecomte;Goalkeeper;0;160000;0;0;0;0.00
Nottingham Forest;Willy Boly;Defender;0;150000;0;0;0;0.00
Manchester United;Heaton;Goalkeeper;0;150000;0;0;0;0.00
Everton;Coleman;Defender;0;150000;2;1;1;0.00
Manchester City;Bettinelli;Goalkeeper;0;150000;0;0;0;0.00
Brighton & Hove Albion;Webster;Defender;0;150000;0;0;0;0.00
Manchester United;Tyler Fredricson;Defender;0;150000;0;0;0;0.00
Nottingham Forest;Angus Gunn;Goalkeeper;0;150000;0;0;0;0.00
West Ham United;Earthy;Midfielder;0;150000;0;0;0;0.00
Newcastle;Gillespie;Goalkeeper;0;150000;0;0;0;0.00
Sunderland;Ian Poveda;Forward;0;150000;0;0;0;0.00
Newcastle;Krafth;Defender;0;150000;0;0;0;0.00
Crystal Palace;Matthews;Goalkeeper;0;150000;0;0;0;0.00
Everton;Patterson;Defender;0;150000;0;0;0;0.00
Liverpool;Rhys Williams;Defender;0;150000;0;0;0;0.00
Tottenham;Dane Scarlett;Forward;0;150000;0;0;0;0.00
Newcastle;Harrison Ashby;Defender;0;150000;0;0;0;0.00
Sunderland;Hjelde;Defender;0;150000;0;0;0;0.00
Brentford FC;Balcombe;Goalkeeper;0;150000;0;0;0;0.00
AFC Bournemouth;Will Dennis;Goalkeeper;0;150000;0;0;0;0.00
Liverpool;Trey Nyoni;Midfielder;0;150000;0;0;0;0.00
Manchester United;Malacia;Defender;0;150000;0;0;0;0.00
Wolverhampton;Enso González;Forward;0;150000;0;0;0;0.00
AFC Bournemouth;Owen Bevan;Defender;0;150000;0;0;0;0.00
Crystal Palace;Ahamada;Midfielder;0;150000;0;0;0;0.00
Brentford FC;Matthew Cox;Goalkeeper;0;150000;0;0;0;0.00
Brighton & Hove Albion;Tom McGill;Goalkeeper;0;150000;0;0;0;0.00
Burnley;Beyer;Defender;0;150000;0;0;0;0.00
Liverpool;Giovanni Leoni;Defender;0;150000;0;0;0;0.00
Burnley;Enock Agyei;Forward;0;150000;0;0;0;0.00
Everton;Tom King;Goalkeeper;0;150000;0;0;0;0.00
Burnley;Delcroix;Defender;0;150000;0;0;0;0.00
Burnley;Mike Trésor;Forward;0;150000;0;0;0;0.00
Brentford FC;Konak;Midfielder;0;150000;0;0;0;0.00
Wolverhampton;Chirewa;Midfielder;0;150000;0;0;0;0.00
Wolverhampton;Fraser;Forward;0;150000;0;0;0;0.00
Crystal Palace;Chadi Riad;Defender;0;150000;0;0;0;0.00
Brentford FC;Paris Maghoma;Midfielder;0;150000;0;0;0;0.00
Everton;Harry Tyrer;Goalkeeper;0;150000;0;0;0;0.00
AFC Bournemouth;Julián Araujo;Defender;0;150000;0;0;0;0.00
Nottingham Forest;Zach Abbott;Defender;0;150000;0;0;0;0.00
Brentford FC;Gustavo Nunes;Forward;0;150000;0;0;0;0.00
Crystal Palace;Caleb Kporha;Defender;0;150000;0;0;0;0.00
AFC Bournemouth;Matai Akinmboni;Defender;0;150000;0;0;0;0.00
AFC Bournemouth;Julio Soler;Defender;0;150000;1;1;0;0.00
AFC Bournemouth;Rees-Dottin;Forward;0;150000;0;0;0;0.00
Crystal Palace;Kaden Rodney;Midfielder;0;150000;0;0;0;0.00
Aston Villa;Andrés García;Defender;0;150000;0;0;0;0.00
Manchester United;Obi-Martin;Forward;0;150000;0;0;0;0.00
Wolverhampton;Mateus Mané;Forward;0;150000;0;0;0;0.00
Sunderland;Abdullahi;Forward;0;150000;0;0;0;0.00
Sunderland;Jay Matete;Midfielder;0;150000;0;0;0;0.00
Sunderland;Noukeu;Goalkeeper;0;150000;0;0;0;0.00
Sunderland;Joe Anderson;Defender;0;150000;0;0;0;0.00
Brighton & Hove Albion;Tom Watson;Forward;0;150000;0;0;0;0.00
Sunderland;Mundle;Forward;0;150000;0;0;0;0.00
Leeds United;Alex Cairns;Goalkeeper;0;150000;0;0;0;0.00
Burnley;Jaydon Banel;Forward;0;150000;0;0;0;0.00
Manchester United;Diego León;Defender;0;150000;0;0;0;0.00
Brentford FC;Romelle Donovan;Forward;0;150000;0;0;0;0.00
Sunderland;Abdoullah Ba;Midfielder;0;150000;0;0;0;0.00
Tottenham;Kota Takai;Defender;0;150000;0;0;0;0.00
Brentford FC;Julian Eyestone;Goalkeeper;0;150000;0;0;0;0.00
Brentford FC;Benjamin Arthur;Defender;0;150000;0;0;0;0.00
Leeds United;Sam Chambers;Midfielder;0;150000;0;0;0;0.00
Sunderland;Harrison Jones;Midfielder;0;150000;0;0;0;0.00
AFC Bournemouth;Callan McKenna;Goalkeeper;0;150000;0;0;0;0.00
Sunderland;Zak Johnson;Defender;0;150000;0;0;0;0.00
Crystal Palace;Cardines;Defender;0;150000;0;0;0;0.00
Burnley;Oliver Pimlott;Midfielder;0;150000;0;0;0;0.00
Crystal Palace;Jaydee Canvot;Defender;0;150000;0;0;0;0.00
Fulham;Kusi-Asare;Forward;0;150000;0;0;0;0.00